<?xml version="1.0" encoding="UTF-8"?>
<metadata xml:lang="en"><Esri><CreaDate>20170919</CreaDate><CreaTime>22193300</CreaTime><ArcGISFormat>1.0</ArcGISFormat><SyncOnce>TRUE</SyncOnce><DataProperties><lineage><Process ToolSource="C:\Program Files\ArcGIS\Desktop10.0\ArcToolbox\Toolboxes\Data Management Tools.tbx\DeleteField" Date="20170919" Time="221933">DeleteField coldepto dep;dep_cod;gdp_pc1950;gdp_pc1980;gdp_pc2010;mun_cod;mun;ur2007;ur2015;ur_growth;codigo</Process></lineage></DataProperties></Esri></metadata>
